날짜,애플,마이크로소프트,아마존,구글 A,구글 C,메타,테슬라,엔비디아,코스트코,넷플릭스,페이팔,인텔,시스코,컴캐스트,펩시코,암젠,허니웰 인터내셔널,스타벅스,몬델리즈,마이크론,브로드컴,어도비,텍사스 인스트루먼트,AMD,어플라이드 머티리얼즈,S&P 500 ETF,QQQ ETF
2025-10-16,39777000,15559600,42414600,27997200,18946000,9017000,77189900,179723300,2721400,28326000,19258500,83357800,13950600,21743966,8532900,1715000,3294299,11552100,7346400,42041300,20317200,4570900,7188200,69726400,7742800,110563300,70982000
2025-10-17,49147000,19867800,45986900,29671600,17653800,12232400,89331600,173135200,2502200,29571000,11151500,119394700,16286900,22066520,6710100,1959400,4109677,8527600,5991800,23283100,20937900,4035000,5082600,55804200,5272800,96500900,72024900
2025-10-20,90483000,14665600,38882800,22350200,13726800,8900200,63719000,128544700,1523700,39862000,10016100,80230200,12183500,18012454,4810600,1613400,4147661,7679700,4069100,23268400,15640200,3903200,6620200,56741700,5494800,60493400,45761700
2025-10-21,46695900,15586200,50494600,47312100,27836400,7647300,54412200,124240200,1448200,65082000,9032000,73134900,15763300,32098561,5614300,1533400,4031800,8262500,9149800,13717300,16092600,4389700,10301500,47122400,4557500,56249000,44538200
2025-10-22,45015300,18962700,44308500,35029400,19650200,8734500,84023500,162249600,2372400,147890000,8173400,87099900,14967200,23490859,6486000,1698500,4532910,5286300,7148600,21949800,19268800,3436000,25834500,59668800,7498100,80564000,61478800
2025-10-23,32754900,14023500,31540000,19901400,13241300,9856000,126709800,111363700,1974800,68497000,8199000,121974200,14614100,22618373,6091800,1496800,10045972,4565500,5212500,19397900,12859200,2408100,8412500,39024400,7001900,65604500,42844300
2025-10-24,38253700,15532400,38685100,28655100,18406000,9151300,94727800,131296700,1639400,60280000,8638200,246380000,13075600,19207601,3580200,1376300,8531289,5844600,5401300,25821800,16143700,2016900,7691800,71221100,5346700,74356500,47632500
2025-10-27,44888200,18734700,38267000,35235200,22987700,11321100,105867500,153452700,1967600,46911000,18821300,160007600,15986800,25722596,4744600,1794300,5723140,7164600,7063700,23873100,20065800,2828200,8606300,65613100,7671700,63339800,54098600
2025-10-28,41534800,29986700,47100000,29738600,20101200,12193800,80185700,297986200,2090800,40209000,83722300,181256400,19896800,28876008,5626500,2217200,4500232,11545600,15035000,14957500,21056000,3005600,9646600,47448700,6118500,61738100,61195700
2025-10-29,51086700,36023000,52036200,43580300,26287900,26818600,67983500,308829600,2449600,33995000,38505400,106962900,18020600,45729166,7767600,2824300,4441983,13881700,20841600,23217300,24975200,6746500,11961900,49335600,7784500,85657100,67422800
2025-10-30,69886500,41023100,102252900,74876000,48570000,88440100,72447900,178864400,2677100,41581000,19550800,84855500,18101800,68328653,5752700,2058200,6511200,18337500,12884300,14795100,24295300,4373200,9477600,45162500,7317700,76335800,61628600
2025-10-31,86167100,34006400,166340800,39267900,29932800,56953200,83135800,179802200,2456300,68665000,18370100,80471400,24008000,52397489,6313600,2687100,4067800,13598000,13262800,16320000,21598400,3763400,8707900,34449200,6532600,87164100,66305100
2025-11-03,50194600,22374700,95997800,29786000,19691800,33003600,84595200,180267300,3206600,58634000,14619000,61267500,21733400,42307297,8331500,2753300,4963400,9525100,8849900,21199300,17198900,3916600,5208300,36351400,6160600,57315000,37154300
2025-11-04,49274800,20958700,51546300,30078400,18123700,27356600,87756600,188919300,2554500,38718000,19711800,102250300,22345000,48614334,8302900,3412500,5727000,17774600,12649100,23696200,24047500,3694300,11462300,56491800,6896400,78427000,63830800
2025-11-05,43683100,23024300,40610700,31010300,20063200,20219900,85573000,171350300,2974800,35539000,13606100,74631600,16113500,42945896,7136400,5486200,4206400,17996200,12718900,28617400,17087600,2646700,9770200,67366600,7230800,74402400,48688500
2025-11-06,51204000,27406500,46004200,37173600,23103800,23628800,109622900,223029800,3247700,36532000,11480200,77629900,16469900,35022568,6449400,3330300,3031300,10382800,8879700,32016800,19896900,3888700,5859500,66049700,9278400,85035300,72115100
2025-11-07,48227400,24019800,46374300,34479600,21991100,29946800,103471500,264942300,2584000,44125000,13449300,95521400,16913700,38966093,7592300,2665200,3706900,15009900,8717300,30613800,21903200,4112600,8837700,52162600,6892800,100592400,81835400
2025-11-10,41312400,26101500,36476500,29557300,19508200,19245000,76515900,198897100,2612700,36929000,11129900,77820300,22201200,59186383,6617500,2518600,3820700,10507600,9205200,27870600,16409000,3087000,7677900,43361600,7673700,75842900,55919900
2025-11-11,46208300,17980000,23564100,19842100,14156700,13302200,60533200,176483300,1663400,27966000,10032500,53741900,21412900,56995939,7683600,3136500,4196500,9575800,10048300,22622500,16446800,2827200,7274200,61336800,6237600,58953400,44868800
2025-11-12,48398000,26574900,31190100,24829900,16998800,24493300,58513500,154935300,1829700,39221000,10134000,53876000,57591600,33011806,5790100,2941000,4606900,11975800,7818800,17263100,12190500,2990200,6241200,108942000,5955400,62312500,47444400
2025-11-13,49602800,25273100,41401700,29494000,18060200,20973800,118948000,207423100,2430600,40144000,14185800,95593200,57638500,34101960,6663300,3413500,4162200,10507700,8720100,32324600,22616600,3084600,7719600,63178600,13465900,103457800,71333600
2025-11-14,47431300,28505700,38956700,31647200,18330500,20724100,105506700,186591900,1739100,47607000,21979900,71716200,38819600,40374320,5770500,3310300,3725400,13434600,6854200,36171100,18500800,2761400,6041500,47655600,15254400,96846700,80087300
2025-11-17,45018300,19092800,59919000,52670200,34286100,16501300,102214300,173628900,2481900,26082700,20632700,72580100,28720100,28365982,7320200,2996600,2837500,8547200,6549200,30304400,14799600,3300000,7343400,37942200,8713600,90456100,63850400
2025-11-18,45677300,33815100,60608400,49158700,29702200,25500600,80688600,213598900,2984700,43440600,18446600,61504800,26025500,31200787,10821500,2966600,6072500,7189400,9659700,33843900,21726800,3286400,8164700,45619900,12167400,114467500,83327300
2025-11-19,40424500,23245300,58335600,68198900,43123600,24744700,72047700,247246400,3462300,31868100,25061900,67115500,24759700,29309743,8123200,2129800,3394100,6195100,10779200,35256600,21851900,3738400,5568500,52093400,8870500,94703000,73111500
2025-11-20,45823600,26802500,50309000,62025200,34801400,20603000,113548800,343504800,2648300,36918500,21059300,96389100,27381900,26345084,6878900,3183700,3673200,8966300,9746800,47420700,28867000,3884800,7890900,66342900,9264000,165293500,117743200
2025-11-21,59030800,31769200,68490500,74137700,43670600,21052600,100460600,346926200,2870100,41232700,20849400,105641700,24428800,33688178,7911800,4128600,4711500,10227700,11209100,36679700,30280300,4825400,11711300,67421100,8596800,123956200,103344200
2025-11-24,65585800,34421000,54318400,85165100,55311800,23554900,96806400,256618300,3661200,62918300,21013500,103804200,26691500,55123888,9391400,3551600,5304200,10805800,10860000,33052800,47262400,5414400,9466500,46749600,8806600,80437900,60168100
2025-11-25,46914200,28019800,39379300,88632100,50899300,25213000,71915600,320600300,2534700,35122600,11065200,62203300,18818800,32485455,8954000,2868600,3663400,9265300,9100900,17441600,33507600,3765000,7406700,69773500,8330300,81077100,57560900
2025-11-26,33431400,25709100,38497900,51373400,29839600,15209500,63463000,183852000,1936200,27951000,8335300,54563400,15972600,25848609,5180600,2333100,3120900,7602600,6893300,17817600,28693000,3025000,7346300,43270200,8791100,71879600,42393600
2025-11-28,20135600,14386700,20292300,26018600,19695800,11033200,36252900,121332800,1092600,15021600,7875900,95799500,7320900,14547478,2969300,1268800,1644100,3677600,3645200,12914700,13365500,1802200,4018100,18658000,2916300,49212000,23034400
2025-12-01,46587700,23964000,42904000,41183000,28520600,13029900,57463600,188131000,2149400,24873400,10923300,74534900,15529600,30211892,7623300,2383800,3220200,8752100,12849800,18238200,23252000,3651300,6170800,30768700,6842400,61201200,40957600
2025-12-02,53669500,19562700,45785400,35854700,24668200,11640900,69336600,182632200,2160600,25763000,10834100,167205800,14619100,48848754,6830300,2446500,4477200,9001900,8644000,18166200,22207000,3959500,9438900,42002500,9196800,62953800,54541800
2025-12-03,43538700,34615100,35495100,41838300,32285100,11134300,87483000,165138000,1886800,53593400,24402800,91957200,16088400,29501163,5109200,2839100,4181000,9303900,10060400,19188200,21336400,3082200,9259300,28545200,7999600,57238500,47841600
2025-12-04,43989100,22318200,45683200,31240900,20831600,29874600,71906500,167364900,3787800,51779100,15994300,107850200,12572600,43540215,6803000,3695700,4006200,10555100,9805500,23513900,15845900,3592300,6724100,24478200,6348800,61970300,47067800
2025-12-05,47265800,22608700,33117400,28851700,15719900,21207900,56427500,143971100,2359800,133363600,11152900,103042000,12579400,50881282,5971300,2897700,4294300,9402900,10435600,21161000,24779900,7650400,6584600,33292400,5373400,79241000,53614200
2025-12-08,38211800,21965900,35019200,33909400,22006900,13161000,69165800,204378100,2407900,100906300,12544000,93953600,17454500,42823191,6327400,3510700,3239800,10277600,9884300,20495400,30410600,4293600,6427600,30943200,5338100,55231500,43462400
2025-12-09,32193300,14696100,25841700,30194000,14151300,12997100,62367400,144719700,1899500,51745600,13214700,61877200,15737500,29309316,10035200,2924900,2772000,10322900,10114000,17067100,24546000,4267700,3760400,25166100,4062600,58310100,37156000
2025-12-10,33038300,35756200,38790700,33428900,22764500,16910900,63257500,162785400,3318300,74129300,19985100,75974900,21302700,39408045,18526400,3071500,5567800,10539600,17184600,21960700,31531000,6789900,5268900,23279400,6244600,85671300,55031400
2025-12-11,33248000,24669200,28249600,42353700,25912100,13056700,55979500,182136600,3041600,43949000,14023800,59096800,18652300,49189234,7854000,2454800,3733700,6894000,16302500,18867000,45681600,10158700,4838000,30694600,7061200,86173700,58272800
2025-12-12,39532900,21248100,35639100,35940200,21264800,14016900,95656700,204274900,4808900,49323100,15964000,87784500,16672300,30849211,8143100,2247200,3324500,9071500,9288900,25936900,95588500,5483900,5980500,37073900,6739300,113160300,75158700
2025-12-15,50409100,23727700,47286100,29151900,22028900,15549100,114542200,164775600,4771400,40016500,18187500,60898500,17646000,42691310,8409600,4049500,3463300,11718600,17381400,27483600,65894900,5480100,9037500,27222200,6406000,90811000,49538200
2025-12-16,37648600,20705600,39298900,30585000,21285200,14309100,107608100,148588100,3843300,34265000,17316800,50490300,17737200,98031159,7520300,2642500,4734400,7481400,12565000,22577300,58061100,4118200,5746900,23467600,5859700,122030600,55152800
2025-12-17,50138700,24527200,44034400,43930400,29120400,15598500,106490400,222775500,2363700,50472800,16357800,54792000,26094400,76466448,8067100,2517300,6291100,7947000,17839300,41957100,73300900,4371600,8865600,31595400,7855400,110625200,70654300
2025-12-18,51630700,28573500,50272400,33518000,21040500,20260300,95168400,176096000,2467500,37244700,23734500,69468400,19249400,49457691,6643200,2669000,4168300,16466100,19270400,65006100,54501900,3352700,8546200,29720100,8741200,108650100,78875800
2025-12-19,144632000,70836100,85544400,59943200,45234400,49977100,103305400,324925900,10097600,78990200,31927500,163221300,84881900,97603932,17543500,13465700,7866500,16986700,29240200,62312100,159095200,8706300,19091700,58445500,25749700,103599500,60369800
2025-12-22,36571800,16963000,32261300,26429900,14091400,15659400,86916100,129064400,2373300,39484800,13976100,51685400,18016100,32785176,8818700,2400400,4384000,7161600,8781400,30961900,28739600,2960800,5373100,24950700,4182000,69556700,43703100
2025-12-23,29642000,14683600,29230200,25478700,13961400,8486800,58223600,174873600,1903300,25896200,12153600,35958000,16712600,22459603,7254800,1552800,2419700,9511300,8644500,20767600,28232600,3052500,3500300,20272300,3791500,64840000,41120400
2025-12-24,17910600,5855900,11420500,10097400,6138200,5627500,41285400,65528500,1822200,12427900,5491700,37443800,9104400,11046544,2618700,833700,1480100,3462700,3833500,18592600,11424400,1166500,1266500,7956800,1279500,39445600,18468700
2025-12-26,21521800,8842200,15994700,10899000,6730900,7133800,58780700,139740300,1324100,22068300,7537800,28779400,10158000,13253527,4975500,792600,1457900,5046200,4689200,17878500,15028100,1455100,3191100,15792600,1836000,41613300,28959800
2025-12-29,23715200,10893400,19797900,19621800,12317700,8506500,66263000,120006100,1792500,24493700,12910100,38062300,17941800,25635529,7201900,2181000,2067900,5352400,7405700,26642900,21946900,2794000,4163200,20326900,2601600,62559500,32458300
2025-12-30,22139600,13944500,21910500,17380900,11052500,9187500,59238500,97687300,1680800,23422000,11277900,61935300,13952200,24549536,4713800,1255900,1904100,4540500,6088500,23056400,16633600,2252600,3904600,16409600,2185100,47160700,31226800
2025-12-31,27293600,15601600,24383700,16377700,10821500,7940400,49078000,120100500,1490000,23495200,13027300,51524700,13570500,18388891,4380300,1417300,2027300,5293400,6660400,17573800,15346100,2116200,3426900,17591600,3025800,74144800,40746500
2026-01-02,37838100,25571600,51456200,32009400,22043700,13726500,85535400,148240500,2373400,41155400,14693100,95396400,15749800,25911241,7182100,1539700,3156300,11334900,10842000,42604300,25398600,5643500,6133600,36446200,7553200,89377200,61859200
2026-01-05,45647200,25250300,49733300,30195600,19934000,12213700,67940800,183529700,2805600,39183300,17115900,96665400,16328800,47571600,9031400,2268700,3846200,9894300,15822000,34608600,31136000,5012100,6755000,31941100,10398700,71927200,46828400
2026-01-06,52352100,23037700,53764700,31212100,18989900,11074400,89093800,176862600,2742300,43331000,11110800,66395100,17017200,34552600,9576500,2722500,4005000,11351100,11217500,48732400,27135500,3187400,13219400,40033200,7237900,69273800,43137500
2026-01-07,48309800,25564200,42236500,35104400,24681800,12846300,59828800,153543200,2680100,36525700,18044300,166028400,20347400,36361700,8539800,3599200,5087100,9547000,13171600,32781100,20249300,3183100,8341300,29715500,6148400,75588300,44880300
2026-01-08,50419300,18162600,39509800,31896100,21789600,11921700,57041100,172457000,5207200,40068700,13105200,88242000,17192200,30813300,8762800,2799300,5192500,8140100,15509500,33897700,24385200,3107700,6857300,27505000,5500700,64019200,50435900
2026-01-09,39997000,18491000,34560000,26214200,17917700,11634900,67331500,131327500,2895400,55579500,15061500,186691400,19104100,22315300,6767600,2118400,5707700,7593200,9908600,33387500,22482500,3250100,6018300,24217300,9427600,80125500,49688700
2026-01-12,45263800,23519900,35867800,33923900,23893800,14797200,61649600,137968500,3246400,36290600,19898900,101989100,20985700,40310200,12223400,2460600,5521600,7289500,11636500,23152600,20949600,3541400,6502600,27287300,6612800,63976000,37388700
2026-01-13,45730800,28545800,38371800,33517600,24616700,18030400,53719200,160128900,2222100,45221100,15900500,168656400,17809900,35155000,9030200,2382200,4121200,5561900,9870400,23881300,18308000,7217300,4135000,56894900,7146500,78309700,44481400
2026-01-14,40019400,28184300,41410600,28525600,17839300,15527900,57259500,159586100,2894900,49737700,16039900,148225800,17801300,27336300,8329500,1897400,4421100,8373200,12569400,20277200,30094700,5712600,7988800,40466500,6545200,94676700,72598700
2026-01-15,39388600,23225800,43003600,28442400,16424900,13076100,49465800,206188600,2185900,36945100,16405300,132328900,18213000,31081600,5797800,2591900,5569400,10001700,8080600,25370200,22218800,4774300,6942600,55270200,11262800,77862000,53934900
2026-01-16,72142800,34246700,45888300,40341600,21868600,17012500,60220600,187967200,3862900,48130500,15116900,127314700,25743300,38596900,10313500,4033700,8529500,8958200,12019100,47901900,31291200,8534400,6944800,42545600,11399300,79289200,61058100
2026-01-20,80267500,26130000,47737900,35361000,27169900,15169600,63187300,223345300,3209900,109729700,19744400,150153000,23999700,50568300,9982800,2947500,8222000,13555200,13063700,49744900,32293900,6962000,9516600,44327700,9387300,111623300,81988900
2026-01-21,54641700,37980500,47276100,35386600,22791700,14494700,68124000,200381000,4073700,127940700,15117000,220565300,18210200,44865500,7679600,4148600,5655500,17118100,12515300,56712800,32006600,5645300,7272000,62385600,7914000,127844500,79837900
2026-01-22,39708300,25349400,31913300,26253600,19902100,21394700,71546700,139636600,2074400,69113300,14540700,190066400,12879800,35617700,8167400,3025100,4353300,14150800,11525500,39607600,24275400,4974500,7264000,37945000,6036100,77112200,42254800
2026-01-23,41689000,38000200,33778500,27280000,19110600,22797700,56771400,142748100,1680600,64520400,8758900,294675400,13125500,29380200,5870100,2024900,3819900,11759800,10550600,35404200,30259500,4368700,6691300,47525900,6201000,63059600,43645800
2026-01-26,55969200,29291200,32825500,26042100,18502500,16327400,49397400,124799600,2458700,40941900,9971400,149407800,24714400,43266700,6589600,3116100,3703900,14106700,9762400,29193900,25006400,4115300,9169300,30672500,4777200,60473800,35983000
2026-01-27,49648300,29213900,38029200,21636200,16080900,13297400,37733100,143711600,2077900,37790800,14240700,121832200,17756700,40826400,7114900,3269600,3520800,16403600,10450600,36212100,25537600,4166300,10748800,25691600,8033000,55506100,38997200
2026-01-28,41288000,36875400,40882700,27434400,17538500,25709600,54857400,148552700,2474800,37762600,19222700,201995100,14022900,46428800,5954100,2347800,5107500,25961600,9809400,42725700,23001700,3942800,19603400,27061200,8470000,61172200,50691700
2026-01-29,67253000,128855300,47229600,39785600,24548300,59852900,81686100,171764400,1825000,42278100,19463500,124256600,22642900,65923400,9062300,3153100,6945200,16602900,11868700,42675700,20447500,7410800,14120000,31685200,7350500,97486200,79944000
2026-01-30,92443400,58566800,46585000,31024000,21740200,23744600,82626100,179489500,2396300,45755000,18607800,114920100,26458400,51300200,12641300,2522400,6719200,10748000,11539900,51022900,28313000,5713000,9086800,40035700,9814100,101835100,65650700
2026-02-02,73913400,42219900,37546100,32006100,22775200,14365200,58739500,165794100,2451300,41445300,27452900,101414600,28238600,31343400,14660500,1899900,4514500,8675100,16530500,37771200,17278200,4357000,11194900,36308100,7409600,79286500,49020300
2026-02-03,64394700,61424100,53831300,36506700,25786500,13760700,56886500,204019600,2960700,49789000,141690600,122205100,34962100,37200800,19096400,4040000,4531400,8361300,15322700,42763300,36914800,8324900,15207600,53097100,10697000,107904600,81234000
2026-02-04,90545700,45012400,51299900,70618400,36991100,16882800,74606900,207014100,2631500,48963200,58018000,128702300,39765700,41031100,13322900,5899600,5943100,9077100,20600400,58074900,43330300,8554200,14542500,107173300,14719400,105204600,81850700
2026-02-05,52977400,66289200,103509200,88205800,51842000,17131800,72819800,206312900,2988800,54805700,42842800,114307800,24236500,30243800,11038800,4007300,5017500,6776700,13028400,38899500,42775800,6293600,11044200,62196400,8514300,113610800,89354500
2026-02-06,50453400,53515300,179210900,56380500,33877000,18159300,62677100,231346200,2358600,46154100,34921700,115600200,23936600,30791600,10960400,3840300,3976500,8067100,10807100,37196000,33003400,5448400,9397500,54504500,8344400,89127600,78019300
2026-02-09,44623400,45480500,91178400,39640100,26103300,14837500,54484300,196387400,1861700,42200200,26034300,94841400,22908400,24316900,10316200,2843700,3006700,7150600,12254600,31009600,30091000,6576300,9246700,38810800,7458900,73885200,56797600
2026-02-10,34376900,44857900,67175000,39170000,25281900,10455800,64450200,136764800,1781500,43595800,22787700,99832900,32113800,32111400,10352500,3526400,3888800,8543500,12195800,35433800,19542700,5718600,5101000,25326700,6785800,65185700,53938900
2026-02-11,51931300,42491000,65545500,45406400,24008100,14323800,57362000,144192700,1769400,40840300,21538900,107681200,34455800,27355300,6733400,2826000,4192200,6949100,8570900,48475000,17004700,8759900,9132600,33384700,7160900,76353900,58575100
2026-02-12,81077200,40802400,83975400,47761300,28194000,14960100,61933400,189932500,2970400,73516100,28004800,88321200,68098600,34309400,9516300,2374500,6536100,9537300,11966500,45639100,22007300,8657000,8474700,32181000,9764400,118829000,81378900
2026-02-13,56290700,34091600,66321600,38499700,20236000,12336400,51434100,161888000,2661600,42292100,25092400,69740400,42886400,28487900,9286100,2414200,5330200,8949000,11915000,33807600,18397200,6589700,5011900,26123900,15706000,96267500,69237500
2026-02-17,58469100,32078800,69879200,39247600,23750800,12674700,59678800,162276900,1732200,35961500,20342500,65802200,24792700,28089700,8749800,2255400,3699800,8660000,8970700,28549500,23469700,5208300,5454800,33712100,8791300,81354700,69013800
2026-02-18,34203300,23223400,51003300,28482100,15847700,14649200,45921400,164749100,1926800,29883100,17925500,65306100,20648800,20768600,7239800,2731900,2853200,6068100,7887000,32306600,13565300,5033200,6667800,35664100,8784300,73570300,64250700
2026-02-19,30845300,28234000,35669600,25834400,13448600,10035700,51019600,126554500,1750000,30139200,24646900,72724900,18443200,25767800,6155800,2427000,2360100,5676700,10733100,21651300,15180900,3616200,5002200,25842300,6640100,58649400,60960800
2026-02-20,42070500,34015200,65881600,53210800,33663100,14183500,57912200,178422300,1662200,32411300,23174000,90743600,29461600,25242200,4811800,2911700,2681200,8788300,9491500,29894900,17658900,6590800,5457500,36317300,8178700,100034000,74127300
2026-02-23,37308200,43238300,53581500,31423000,17641200,8605900,69680000,171584800,1489300,38363000,75619500,57130900,24485900,19564600,6801600,2951400,2496100,7696700,9489000,25426600,16472400,7602400,7877400,28187900,6077400,90558100,63859100
2026-02-24,47014600,33884700,41137200,25615600,15040700,10135600,58579500,175123600,1671100,33079100,58557200,98872300,19485100,20735400,6319800,2454700,2575500,6537300,7349600,33389200,23614400,5529100,9494300,81367000,5711800,73798700,55023700
2026-02-25,33714300,43625500,41346400,29963600,20209100,11330700,54809700,250637100,1554600,69319300,42794100,75645300,22721800,32273600,6832700,2459500,3368600,6294100,6866100,27296300,20182300,5108600,6997300,44588100,9745000,56369500,55710700
2026-02-26,32345100,34405900,47756800,36431200,22380000,10637700,53602500,360807900,1804400,85642500,48091800,71457500,19608000,25478000,7219300,2589400,3040000,6246100,10716600,35433500,33025300,6208100,6041500,35020500,7717100,71671000,96178900
2026-02-27,72366500,51367200,57422800,44640600,33389200,15703000,56890100,311636500,3935000,200767000,23641200,79327200,27498000,34865700,10585200,3441000,3888100,7286900,12554900,28653900,28004200,5098200,8275100,31312400,9041400,83308900,68125200
2026-03-02,41827900,35474900,46001000,34790200,21854400,9816100,55088300,209095300,1986900,79915400,17355300,60705100,18540400,22490300,7264000,2837900,3634700,7250600,6523100,30049200,20567200,3486900,6811300,34120200,5802100,87477200,75264600
2026-03-03,38568900,38199200,43184900,35497000,20361100,12263800,62617300,178099400,1947100,59149000,22406400,83971000,17521100,27217400,6718100,2710400,6367200,7197200,9949200,39010900,20826200,6206600,7496500,37785700,7982000,105003100,97015500
2026-03-04,39803100,35808000,54731100,29536200,20015600,10810100,68305500,177731200,1806600,52604300,14612800,96628100,20388100,28509100,6855400,2028300,4774800,6233400,11608700,32644900,34895800,4329200,5451500,40912600,5980400,79182200,70943900
2026-03-05,49658600,39001300,60943400,35752300,22643900,13341400,51925900,198779700,2766000,53403000,18317700,78229400,26844800,24202700,7133700,2868400,4308200,9608100,13089200,29960100,57076600,5822300,8051800,36000700,5899700,106606500,89602400
2026-03-06,41120000,31123900,51152700,25576900,17598000,13159400,64054600,189021900,2708900,41196300,15900100,74698300,20621200,23119100,5937900,2443000,3857900,10826700,9532600,34458800,39152200,4802300,7220500,33913800,8655200,100687000,86302300
2026-03-09,38218500,30131900,54642900,29312100,19632700,13489700,67018900,177213600,2348200,48589000,18908300,82937400,32855900,45897400,6416000,2719900,3405100,9376800,10735800,35547200,40605800,4728400,7597500,38877200,9504100,102667700,93068200
2026-03-10,30590800,31706400,35678800,23239700,14386400,9859300,59258700,179118500,1613400,41027200,17575900,85233300,24836000,21238700,5341300,2284500,5089100,8005800,7716800,33745400,29531700,4591600,5929200,29139200,6121100,81505300,64078900
2026-03-11,26218900,25512100,34199300,24125700,13376700,8977200,62559900,145280400,1260500,33962900,13794100,72480600,14719900,23701900,4359700,2299200,3241200,8815800,10296500,30191400,20104100,4862400,4995200,23076400,4517200,68441700,60114800
2026-03-12,40794000,27263900,44349500,24928300,15610200,11617500,60973800,155762700,1669200,34206900,15293100,85110200,19969500,23947600,6165600,1990500,4592800,12248300,10232100,31720900,21982700,10895000,8156800,28886900,5978200,108882200,71836600
2026-03-13,36930000,26848000,35662100,23693100,16857500,18957600,58504100,160988400,1469700,29876700,13962500,68386200,19080400,20252800,4676800,1500300,3117500,9400400,9740600,39261000,34725000,17406400,3688400,27561900,5332200,97200200,63145500
2026-03-16,32074200,27733700,42209300,23519700,14822000,15134900,58068300,217307400,1243400,34931800,14460200,114199400,14715100,19653200,4498700,2099100,3176700,6871000,11950800,43067600,31363100,11679200,4754900,30285200,4427000,82023100,49077200
2026-03-17,32361600,26228300,44969900,21955200,14423600,10348800,46890500,182497800,1210400,26434500,21819800,89061600,16210500,24222000,5460200,2334300,4224000,5382700,13495300,43017900,38026500,6456200,3385200,22779700,4833900,87128000,47106600
2026-03-18,35757900,25908500,37846600,20009800,13848400,11726300,50853100,156683100,1434400,27878300,19662700,78056200,18827600,36334100,5124400,2895100,3255200,7598400,9252900,58973700,25460600,7305600,5069200,28569100,5170500,82062600,56128000
2026-03-19,34864100,25138800,36440600,25075800,15399700,13247700,67078300,170968500,1340200,40169300,22744600,74051500,17519600,36163200,5555500,2168700,3031900,10524500,8864400,74591900,23524800,4459800,5868100,32245300,6459700,111272500,75597600
2026-03-20,88331100,50853200,63694600,44364100,34763500,21214900,78628600,241323500,2621600,61678000,31695500,162814200,90380800,246107100,14480700,9168800,8098400,13961900,22557300,64224900,43325900,10467300,15025200,37265100,17587900,163617500,91964700
2026-03-23,40546100,29680100,44277400,29326900,22204100,13638000,74606000,182836300,1779100,34315900,21262500,80772200,20072200,31505500,6783000,2368700,3657400,7438300,12617300,54807300,27369200,4080500,7452800,31857800,6490700,134802700,89936100
2026-03-24,45152300,42733600,35351400,36864300,27411200,10739700,60004900,147667800,1259300,28938000,19616500,65323500,23528000,21804200,5803700,2336700,3326000,6262800,9066000,44975100,19799000,6268300,7015200,27258800,6406200,96457500,57750900
2026-03-25,28476700,31181200,36388800,29460700,22343000,12585000,55157300,162602100,1067100,29545600,14861200,97467900,23146000,22266800,4978500,1831900,4574600,7007500,9431900,55328700,19900000,5441600,4505800,48518300,5052000,90653800,60475500
2026-03-26,41796700,36836600,46746000,39080600,29281200,35780100,55522900,186152200,1498300,59522000,14613000,82841400,26649600,28571200,5677100,2044800,4754400,6134000,8416900,54515900,20343700,4715300,6314400,49213000,9261000,96494400,81492100
2026-03-27,47900000,37883400,56009800,35890600,25703300,30133000,62065700,196212700,1540900,44590700,17434200,70002200,20557400,19776200,6663600,2274800,3316200,12433600,14112900,45806700,23593900,4429400,5792700,29206600,5984800,103649400,82702200
2026-03-30,39446200,44797000,46373800,35141200,22752300,22795200,67954400,185627000,2129100,32375100,17778200,84596000,24306300,32458500,10386800,2589900,3217500,7422100,10310000,73833200,28054500,4410200,6024700,41053300,6568100,99275900,70602600
2026-03-31,49598100,45244400,58470100,43875400,31625100,32898300,75534900,226181300,2447900,54270000,12695000,95294900,25105700,28734100,8033800,3747100,3479000,9564200,11205800,73551800,29289500,4575900,7277900,42318700,8335600,152534100,95878000
2026-04-01,40059400,29417200,45955400,37684500,24403600,23608100,58683800,168132000,1769800,30439300,15319900,129598500,21309000,27163500,5412600,2726600,3837700,8044500,9978400,74429800,19171000,3746700,5432000,40835800,5974800,97841500,79435100
2026-04-02,31289400,24099100,31453000,21666500,13433400,13518500,83031200,143143200,1828600,37068000,12747700,117134200,12634900,25105400,5410000,1604300,2987300,7340000,5631700,51498700,14021100,3588800,3408100,38463500,4269400,68358700,50941700
2026-04-06,29329900,16146600,25385500,16945500,10121700,9515700,77697600,107564300,1448600,37029300,11006800,79978800,16388600,19631400,3562500,2143700,3139500,7236700,5896500,41414900,12111300,2757700,4235600,30786400,2505500,39105800,35108500
2026-04-07,62148000,21443300,28154600,23205400,17317700,9580800,74515400,132534900,1428500,25016700,10416300,129543800,13428100,37148500,5151100,3162200,3719500,6205600,9049900,40224100,33310900,3331000,4659000,26483000,4024800,69980400,49948200
2026-04-08,41032800,33064800,51092700,33547100,20887500,32036600,78838600,147732700,2265700,30957600,15619000,184599900,19621900,23123100,6878500,2666400,3807800,8232300,8101700,49216600,31573100,4040100,7454600,35496400,7628500,93606100,63086000
2026-04-09,28121600,30435300,65964200,23739200,14606800,19012900,62164000,116428500,1433300,35087800,12716600,155609900,17611700,24209100,4339400,2940700,3191900,5320500,7349400,43101000,20514900,6802400,5499100,27126200,5373600,57134400,37837500
2026-04-10,31291500,28111100,56912800,19152600,11997600,13294800,51336000,160459500,2333000,25769900,13130500,98624400,17571100,18153900,4412700,2258100,1906900,5356400,6807400,36377600,29958100,5889200,4268000,36477200,6399900,42253500,34038500
2026-04-13,36234700,35745800,42166200,18866400,12212800,9538900,53617500,133648200,2255500,26042800,15179300,112111000,19997500,20312900,5827800,2547700,2657300,5249200,9286300,37015800,24115800,6115800,4630500,22781800,5246600,54185800,32972100
2026-04-14,48370700,37504500,72685000,27721400,18557500,17818000,59979600,161307000,2136500,40534900,11045300,112796100,17856800,17564400,5655800,2106800,3155300,4995500,6585400,52534900,24423000,6307500,5495200,25733200,5353200,63480500,49921100
2026-04-15,49913500,45063400,43045200,24918800,15104100,14952600,113810400,185338400,2346200,38023700,13074000,92051500,15066400,18045000,7684800,2140000,3514500,5211600,8049800,40370100,29559300,4749600,4459600,24695200,5925100,58240400,50102400
2026-04-16,43323100,41642400,41895700,20541500,13949600,9544800,63515100,134012900,1484300,64928300,13420600,108328300,14609000,27115800,10422100,1981600,2925900,5645500,6754700,33626400,18872900,5229500,6709000,64850800,5113000,49972400,42320600
2026-04-17,61436200,48568200,52029300,25581900,19683800,16283500,90640000,160324400,2346500,125958700,18758600,118831500,20321900,32422000,7799900,3685900,4071900,8133400,8240800,33405000,20581700,6194200,7091700,35519900,6017900,70661900,53488900
2026-04-20,36590200,27582200,39463100,18784200,12897300,12534000,64603900,119381400,1475400,63298300,13091800,96851100,16695600,22174000,5731000,2107600,3217800,6581800,5552100,32013600,16922000,5250000,6123300,34833900,3747500,43546800,37138500
2026-04-21,50209800,32048500,42922400,23123800,14623800,8660100,50530600,107945300,1367100,61962300,13548100,91402300,18653400,37226100,6357300,2066600,4895100,4564200,7301900,27734000,16275500,5779700,6833300,38950900,5414900,58941400,39580500
2026-04-22,43249200,29378200,36065100,20293000,12954200,9215600,62362800,107501000,1215200,33694300,8569700,90267300,16986100,25222700,5921300,2136100,4470200,5730100,5639800,45998100,23702500,7111000,11463100,49054200,5268100,42518500,37368400
2026-04-23,33399600,38308000,39091400,18650300,13442100,11667000,93969500,113561800,1570700,36851700,11581400,155141800,21156700,46477900,6077600,2033400,8019200,4515300,7642700,38178000,19501600,9617000,25659100,45619700,4420800,56174000,40099800
2026-04-24,38157100,27457400,53777400,26426100,18260900,13348300,62893300,214134400,1695200,32553200,8259300,281405200,18969900,65543100,5364900,2201200,4607600,6092500,10095600,35379600,22491100,6492900,13943600,81616700,6159600,45182000,45563100
2026-04-27,41466800,30867300,44906800,28576900,17443000,12805200,66735800,187172400,1620400,29707400,7992800,178820200,13810500,31684600,4077000,2653800,3615500,5311600,6593200,41298800,17451600,5067700,9962700,50585300,5663400,33135900,32717000
2026-04-28,40018900,30438100,42204400,27824100,18502300,10606800,50864400,180275400,1776000,33418100,9761400,147773500,16889300,23549000,5174300,2376400,3796900,10383500,11613700,44816600,25519200,4641700,8369400,43002500,10396200,43117400,34147900
2026-04-29,30047900,38288300,72367900,35376300,22232200,18947500,45384800,123711800,1516900,26122100,18531700,235070900,15427900,31883500,4047600,2516500,4502600,25449200,14591800,36248500,15962500,2664500,7821400,44704400,5116400,41859200,31724900
2026-04-30,91848200,70909400,100974900,72040000,44570500,52765000,51076000,225239200,2049300,40923000,12519900,160597300,21686700,41994900,7065100,3592600,4128600,9485900,10111200,36554400,21821600,5129100,11066700,42115300,7050000,67240900,40622200
2026-05-01,79844600,31330100,50780000,30075200,28007600,21357400,65210000,128257500,1508700,30323200,8760300,157427100,16087100,28827300,4447300,3820600,2987500,6360500,6479700,40118500,11870200,5064600,4491000,34173000,4584600,42888700,39055400
