종목명,평균 거래량 (3개월),시가총액,매출,주가수익비율,베타
길리어드 사이언스,6.41M,164.7B,29.44B,19.59,0.40
넷플릭스,45.48M,383.27B,46.89B,29.48,1.67
다이아몬드백 에너지,3.25M,60.11B,14.30B,37.23,0.49
데이터독,5.45M,52.21B,3.43B,476.33,1.29
덱스컴,4.53M,23.17B,4.82B,25.72,1.56
도어대시,5.03M,75.2B,13.72B,78.90,1.90
램리서치,9.95M,323.36B,21.68B,48.75,1.79
로스 스토어스,2.47M,72.81B,22.75B,34.09,0.93
로퍼 테크놀로지,1.47M,35.85B,8.12B,22.22,0.89
리제네론 파마슈티컬스,688.27K,72.15B,14.92B,17.25,0.40
린드,2.56M,229.18B,33.99B,33.87,0.79
마벨 테크놀로지,22.75M,143.11B,8.19B,53.39,1.99
마이크로소프트,35.54M,3.07T,318.27B,24.59,1.11
마이크로칩 테크,9.32M,51.57B,4.37B,-331.66,1.44
마이크론 테크놀로지,41.2M,650.08B,58.12B,27.23,1.61
메르카도리브레,522.45K,91.94B,28.89B,46.34,1.49
메리어트인터내셔널,1.62M,91.99B,6.98B,36.62,1.10
메타,15.37M,1.55T,214.96B,21.85,1.31
모놀리틱 파워,592.47K,77.3B,2.96B,110.98,1.48
몬델리즈 인터내셔널,9.63M,78.79B,39.30B,30.27,0.39
몬스터 베버리지,5.56M,73.54B,8.29B,38.56,0.44
버텍스 파마슈티컬,1.36M,109.34B,12.00B,27.91,0.32
베리스크 어낼리틱스,2.25M,23.41B,3.10B,27.28,0.82
부킹홀딩스,10.55M,128.3B,27.69B,21.82,1.20
브로드컴,24.68M,1.97T,68.28B,81.02,1.25
샌디스크,18.26M,185.98B,13.18B,36.91,2.41
쇼피파이,10.91M,166.34B,11.56B,134.99,2.82
스타벅스,7.78M,119.63B,38.47B,80.22,0.94
시놉시스,2.05M,95.3B,8.01B,78.75,1.16
시스코 시스템즈,22.73M,365.88B,59.05B,33.28,0.87
신타스,2.23M,66.77B,11.03B,35.19,1.01
씨게이트,3.88M,165.6B,11.01B,70.13,1.63
아나로그디바이스,3.84M,193.83B,11.76B,72.41,1.03
아마존닷컴,53.38M,2.93T,742.78B,31.97,1.38
아메리칸 일렉트릭 파워,3.29M,73.04B,21.88B,20.22,0.57
아이덱스 래버러토리스,529.76K,44.73B,4.30B,42.90,1.72
알파벳 A,32.14M,4.62T,422.50B,29.23,1.13
알파벳 C,20.9M,4.62T,422.50B,29.23,1.13
암젠,2.7M,174.78B,37.22B,22.25,0.47
애플,43.93M,4.07T,451.44B,33.45,1.11
앱러빈,5.31M,159.72B,5.48B,47.39,2.50
어도비 시스템즈,5.91M,102.65B,24.45B,14.81,1.52
어플라이드 머티어리얼즈,6.78M,310.6B,28.21B,39.95,1.63
에어비앤비,4.24M,82.56B,12.24B,34.49,1.14
엑셀 에너지,4.71M,50.67B,14.78B,23.35,0.44
엑셀론,8.94M,47.69B,24.26B,17.00,0.51
엑슨 엔터프라이즈,1.08M,31.73B,2.78B,263.03,1.61
엔비디아,173.37M,4.82T,215.94B,40.50,2.37
오릴리 오토모티브,5.81M,78.22B,18.21B,30.51,0.60
오토데스크,2.17M,52.23B,7.21B,47.31,1.43
오토매틱 데이터 프로세싱,3.78M,84.47B,21.60B,19.65,
올드 도미니언 프레이트 라인,2.3M,40.03B,5.46B,39.95,1.21
워너 브라더스 디스커버리,24.36M,67.58B,37.30B,93.03,1.64
워크데이,5.61M,32.87B,9.55B,49.57,1.17
월마트,20.98M,1.04T,713.16B,47.61,0.66
웨스턴 디지털,8.77M,152.47B,10.73B,41.57,1.85
인텔,104.96M,481.39B,53.76B,-143.89,1.35
인튜이트,3.93M,112.55B,20.12B,26.46,1.28
인튜이티브 서지컬,1.91M,160.21B,10.58B,54.72,1.68
일렉트로닉 아츠,2.2M,50.51B,7.31B,75.48,0.75
지스케일러,3.06M,22.86B,3.00B,-332.54,1.12
차터커뮤니케이션,2.25M,22.9B,54.64B,4.53,1.03
컴캐스트,31.43M,96.7B,125.28B,5.28,0.79
케이든스디자인시스템,2.64M,96.4B,5.53B,80.85,1.04
코그니전트 테크놀로지 솔루션 A,7.02M,24.57B,21.41B,11.24,0.98
코스타 그룹,6.57M,14.45B,3.41B,570.20,0.92
코스트코,1.85M,449.33B,286.27B,52.64,0.99
코파츠,9.21M,32.07B,4.61B,20.99,1.11
콘스텔레이션 에너지,3.25M,116.31B,25.53B,39.83,1.19
퀄컴,14.07M,177.47B,44.49B,18.53,1.28
큐리그 닥터 페퍼,11.2M,39.28B,16.94B,21.23,0.36
크래프트 하인즈,15.53M,26.58B,24.94B,-4.52,0.05
테슬라,62.72M,1.47T,97.88B,361.23,1.92
테이크투인터랙티브 소프트웨어,2.02M,41.7B,6.56B,-10.39,0.96
텍사스인스트루먼트,7.16M,255.64B,18.44B,48.05,0.99
티모바일,6.29M,210.4B,90.53B,20.63,0.42
파카,3.02M,60.19B,27.78B,24.41,1.06
팔란티어 테크,49.93M,349.82B,4.48B,233.87,1.74
팔로 알토 네트웍스,10.71M,149.68B,9.89B,102.38,0.77
패스널,7.72M,51.52B,8.44B,39.73,0.84
페로비알,1.3M,49.41B,9.63B,48.56,0.76
페이첵스,4.05M,33.13B,6.33B,20.36,0.87
페이팔 홀딩스,20.02M,45.33B,33.17B,9.32,1.42
펩시코,6.69M,211.29B,95.45B,24.17,0.41
포티넷,6.41M,65.33B,6.80B,36.95,1.00
하니웰,3.84M,132.81B,37.66B,33.75,0.92
Alnylam Pharma,1.23M,39.74B,4.29B,72.54,0.38
AMD,37.51M,556.83B,34.64B,131.46,2.02
Arm,7.48M,215.86B,4.67B,271.17,4.37
ASML,1.65M,533.91B,33.69B,45.93,1.38
Baker Hughes,9.47M,68.46B,27.89B,22.12,0.90
Coca-Cola European,1.89M,41.2B,20.90B,18.43,0.51
CrowdStrike Holdings,4.07M,119.46B,4.81B,-720.25,1.07
CSX,12.75M,83.1B,14.15B,27.37,1.25
GE HealthCare,4.15M,27.75B,20.98B,14.66,
Insmed,2.24M,30.22B,606.42M,-21.72,1.17
KLA Corp,973.75K,223.81B,13.10B,48.30,
NXP세미컨덕터즈,3.02M,73.41B,12.62B,27.84,1.47
PDD Holdings DRC,6.99M,139.19B,431.85B,10.33,0.06
Strategy,21.28M,64.1B,477.23M,-12.03,3.56
ThomsonReuters,2.78M,42.44B,7.48B,29.01,0.20